Patient_Id,Full_Name,Gender,Date_Of_Birth,Phone,Email,City,State,Zip_Code,Insurance_Provider,Registration_Date
1,Alexander Hill,Male,1972-08-06,1960013389,alexander_hill@gmail.com,New Jamesside,NE,29394,Medicaid,2026-01-21
2,Diana Booth,Female,1984-08-12,,diana.booth@outlook.com,Lindsaymouth,OH,16862,Self Pay,2023-09-13
3,Juan Calderon,Male,1968-11-10,,juancalderon@yahoo.com,West Michael,TX,35494,Cigna,2026-07-25
4,Melinda Jones,Female,1951-02-24,7648350305,melinda_jones@hotmail.com,Adamsborough,OR,94599,Aetna,2024-04-14
5,Mary Foster,Female,1986-03-31,3884969653,maryfoster@outlook.com,New Trevor,WI,06676,Blue Cross,2026-04-10
6,Christian Moore,Male,1985-11-28,6978480184,christian_moore@outlook.com,Danielchester,GA,59971,UnitedHealth,2026-01-04
7,Nathan Cortez,Male,1950-03-27,,nathan.cortez@gmail.com,Tracyville,MS,40807,UnitedHealth,2026-05-11
8,David Bradley,Male,1966-02-16,8227824896,david.bradley@gmail.com,New Karina,UT,26866,Self Pay,2025-05-16
9,James Powers,Male,1991-03-08,1331509839,james_powers@gmail.com,North Chad,SC,08217,UnitedHealth,2023-05-19
10,Taylor Heath,Male,1970-11-29,7382997376,taylor.heath@outlook.com,North Collin,NE,46939,Aetna,2023-04-21
11,John Daniel,Male,1991-01-20,1333872624,john_daniel@outlook.com,Wrightland,NV,72633,Medicaid,2026-01-12
12,Matthew Fernandez,Male,1991-05-21,6773602606,matthew_fernandez@outlook.com,Saramouth,ME,55945,UnitedHealth,2023-11-14
13,Nicholas Logan,Male,1976-10-25,,nicholas.logan@gmail.com,North Susan,CO,24857,Medicaid,2026-03-12
14,Barry Hensley,Male,2019-09-24,9909169985,barry_hensley@yahoo.com,Jamesmouth,KS,35315,Blue Cross,2023-01-20
15,Michael Evans,Male,2016-07-01,9911838425,michael.evans@outlook.com,East Mikeburgh,NH,71701,Medicare,2026-02-09
16,Logan Archer,Male,1993-03-31,,loganarcher@gmail.com,Jamesview,NY,64533,Blue Cross,2024-07-20
17,Terry Williams,Male,2001-09-19,5242786801,terrywilliams@yahoo.com,Lake Rebeccaside,AZ,48894,Cigna,2025-01-16
18,Brittany Anderson,Female,1975-05-03,3315869232,brittanyanderson@yahoo.com,South Angel,WA,44041,Medicaid,2023-02-20
19,Jennifer Santiago,Female,1999-09-04,6073375433,jennifer.santiago@yahoo.com,Lake Jamesmouth,KY,09600,Not Provided,2024-01-31
20,Martin Ross,Male,2010-03-20,2940196556,martin_ross@yahoo.com,South Rachelborough,KS,06318,Cigna,2025-06-12
21,Aaron Frost,Male,1952-02-08,,aaronfrost@gmail.com,Angelaborough,MT,87654,Medicare,2023-09-13
22,Megan Orr,Female,1985-09-08,4436995777,megan.orr@gmail.com,New Thomas,WV,22742,UnitedHealth,2025-08-10
23,Diane Beck,Female,1980-05-22,3320037917,diane.beck@gmail.com,Mercadoshire,IL,94656,Medicaid,2026-03-24
24,Kathleen Sanchez,Female,2010-01-17,,kathleen.sanchez@gmail.com,Stephaniemouth,RI,94777,Aetna,2026-05-04
25,Jessica Meadows,Female,1991-11-07,4348734714,jessicameadows@outlook.com,West Matthew,MH,71299,UnitedHealth,2026-01-11
26,Chris Reyes,Male,1979-02-02,6587603669,chris.reyes@outlook.com,Port Nicoleshire,MO,63019,Medicaid,2025-02-18
27,Heather Molina,Female,2005-01-23,3734670656,heather_molina@outlook.com,Port Tanner,FL,82061,Self Pay,2023-09-19
28,Terry Vargas,Male,1974-01-29,7204653755,terry_vargas@outlook.com,Ramirezchester,KS,11236,Medicare,2024-05-31
29,Paul Williams,Male,1993-11-10,,,South Holly,WI,48852,Blue Cross,2025-08-27
30,Lawrence Adkins,Male,1986-12-20,,lawrence.adkins@hotmail.com,Lake Kendraville,OR,05884,Medicaid,2024-02-11
31,Jeffrey Wood,Male,1993-08-22,1657262849,jeffreywood@hotmail.com,Marshallshire,KY,42746,Self Pay,2025-01-11
32,Ronald Miller,Male,1944-01-16,9650752735,ronaldmiller@gmail.com,Matthewview,OK,01831,Aetna,2025-08-09
33,Cheryl Allen,Female,1982-08-02,7770143634,cherylallen@gmail.com,Thomashaven,MN,56272,UnitedHealth,2025-09-27
34,Heather Chavez,Female,2002-09-15,1823374989,heatherchavezmd@hotmail.com,Tinaborough,LA,30317,Medicaid,2025-07-18
35,Eric Erickson,Male,1965-06-20,,ericerickson@gmail.com,Petersonton,KS,63117,Medicaid,2025-01-09
36,Austin Vasquez,Male,2006-03-23,,austin.vasquez@gmail.com,Hayesmouth,ME,77640,Blue Cross,2023-08-22
37,Elizabeth Oliver,Female,1977-07-11,1232812067,elizabeth.oliver.dds@gmail.com,Carterbury,ME,93163,Medicare,2025-06-25
38,Shannon Jones,Female,2021-03-03,6183242102,shannon_jones@gmail.com,Brookeshire,ME,58061,Medicare,2024-08-19
39,Melissa Lyons,Female,2007-08-16,7190659401,melissalyons@yahoo.com,Lake Mary,OR,77456,Not Provided,2026-05-03
40,Yvonne Chambers,Female,1978-01-05,7874296717,yvonnechambers@gmail.com,Rickymouth,TX,14211,Blue Cross,2026-04-17
41,Gary Steele,Male,1967-05-23,7154516808,gary_steele@gmail.com,Gutierrezborough,NC,47920,UnitedHealth,2025-10-11
42,Jonathan Ramos,Male,1977-12-28,,jonathanramos@gmail.com,New Rickybury,MP,15372,Blue Cross,2024-02-21
43,Autumn Collier,Female,1984-01-04,,autumncollier@gmail.com,Port Chad,WI,54888,Medicaid,2024-08-20
44,Rachel Adams,Female,1987-12-11,9727875588,rachel.adams@gmail.com,Gibsonmouth,VI,25228,UnitedHealth,2024-08-02
45,Cynthia Reyes,Female,2011-05-25,6627028951,cynthiareyesdvm@yahoo.com,Garciamouth,AL,95193,UnitedHealth,2025-03-01
46,Shelby Booker,Female,1996-07-25,9615865780,shelby_booker@gmail.com,East Crystalport,IA,98381,Aetna,2024-11-24
47,William Hodges,Male,1991-02-27,,williamhodges@gmail.com,Knightburgh,HI,23447,Not Provided,2025-06-07
48,Shelby Harvey,Female,,3747407482,shelby_harvey@yahoo.com,South Sierrashire,MD,84247,Medicaid,2025-02-22
49,Miss Joyce Turner,Female,1974-10-24,6959440640,missjoyceturner@gmail.com,New Julieport,WI,30663,Aetna,2024-05-27
50,Harold Fields,Male,2017-01-23,,haroldfields@outlook.com,East David,OH,48454,Not Provided,2024-04-16
51,Thomas Rivas,Male,1974-09-27,1712368516,,West Amandamouth,MN,88689,Aetna,2023-12-26
52,Deborah James,Female,1988-11-16,0985931746,deborah_james@gmail.com,East Brandonton,MD,65070,Medicare,2023-07-04
53,Cynthia Medina,Female,1994-11-12,6926179640,cynthiamedina@gmail.com,Jeffmouth,KS,48038,Blue Cross,2025-04-16
54,Michael Stephens,Male,1969-03-17,,michaelstephens@outlook.com,Port Anne,CA,73142,UnitedHealth,2024-07-26
55,Daniel Kane,Male,1961-01-06,,daniel_kane@hotmail.com,Kristybury,PA,42938,UnitedHealth,2023-04-14
56,Derek Martinez,Male,1962-11-05,7758917839,derekmartinez@gmail.com,Lake Kristahaven,MD,60537,Aetna,2023-02-22
57,Andre Lutz,Male,1997-10-15,,andre_lutz@hotmail.com,Oscarhaven,ME,59970,Cigna,2025-07-27
58,Jeffrey Mcguire,Male,1987-12-13,7365766156,jeffrey.mcguire@gmail.com,Elizabethstad,GA,90524,Self Pay,2025-12-22
59,Andrea Decker,Female,1975-06-29,2809885165,andrea_decker@outlook.com,Parrishton,LA,79197,Self Pay,2023-05-18
60,Brian Romero,Male,1962-01-12,,brianromero@hotmail.com,Lake Timothy,CT,46391,Blue Cross,2024-08-12
61,Jacob Farmer,Male,1990-10-23,9809402445,jacob_farmer@gmail.com,Adamberg,OR,86660,Medicare,2026-06-01
62,Charles Schultz,Male,1985-05-15,,charlesschultz@gmail.com,North Julieborough,MO,55529,Cigna,2025-02-09
63,Christopher Collins,Male,2004-02-03,,christophercollins@gmail.com,Perryborough,WV,67655,Cigna,2024-12-07
64,Jessica Campbell,Female,2004-11-14,,jessica.campbell@yahoo.com,Roseport,AZ,29404,Medicaid,2025-02-17
65,Linda Smith,Female,1965-07-15,,linda_smith@gmail.com,New Angelica,TN,46922,UnitedHealth,2026-06-19
66,Scott Williams,Male,1954-01-12,9696641605,scott.williams@hotmail.com,Port Stacey,NJ,90889,Not Provided,2023-10-30
67,Anita Richard,Female,1983-05-07,8164535218,anita_richard@gmail.com,New Williamstad,MN,95840,Aetna,2023-11-06
68,Maria Hernandez,Female,1960-10-02,2921277997,maria.hernandez@hotmail.com,Michellemouth,GA,58141,Cigna,2025-07-10
69,Jeremy Turner,Male,1974-03-07,,jeremyturner@gmail.com,New Brookefurt,NH,76565,Medicare,2025-01-15
70,Rebecca Huang,Female,1994-01-16,9782071518,rebecca_huang@hotmail.com,North John,NH,58096,Not Provided,2026-04-08
71,Lisa Cox,Female,1973-09-17,9051518644,lisa_cox@yahoo.com,West Christopher,TX,19038,Medicaid,2025-05-17
72,Emily Douglas,Female,1951-03-19,4865281685,emily_douglas@gmail.com,West Kyleborough,MI,64237,Aetna,2023-09-26
73,Zachary Moore,Male,1982-05-16,8059296222,zacharymoore@gmail.com,Lake Samuel,MT,48250,Self Pay,2024-05-04
74,David Wallace,Male,1950-02-17,3473597746,david.wallace@yahoo.com,Burchborough,AS,79755,Medicaid,2023-07-30
75,David Davidson,Male,,1412478261,david.davidson@outlook.com,Port Shannon,MI,03996,Blue Cross,2023-06-17
76,Jennifer Brooks,Female,1965-07-01,,jennifer_brooks@gmail.com,Vangstad,IN,04195,Not Provided,2024-06-08
77,Annette Espinoza,Female,1980-06-21,,annette.espinoza@gmail.com,Port Edward,WA,80308,Not Provided,2024-08-19
78,Ashley Roberts,Female,1987-04-14,6971179808,ashleyroberts@gmail.com,Lake Douglas,NE,00706,Medicare,2025-01-01
79,David Butler,Male,1979-09-15,,davidbutler@outlook.com,Jontown,MI,09356,Medicaid,2023-03-17
80,Nicholas Fuller,Male,2021-07-16,8527722170,nicholas.fuller@hotmail.com,Jamesborough,AZ,41866,Cigna,2025-06-13
81,Kaylee Hays,Female,1986-02-23,4505415667,kaylee.hays@outlook.com,Morganburgh,NY,91211,Aetna,2024-09-19
82,Tim Stone,Male,1973-08-30,9284511544,tim.stone@gmail.com,Morrisonchester,HI,90909,UnitedHealth,2023-10-20
83,Jeremy Acosta,Male,1952-06-20,,jeremy_acosta@hotmail.com,Christinachester,LA,84317,Blue Cross,2024-05-26
84,Travis Jones,Male,1991-12-02,2970213556,travis_jones_dds@gmail.com,New Ericmouth,MN,49261,Medicare,2023-06-29
85,Angela Taylor,Female,1997-08-14,,angela_taylor@gmail.com,Janeborough,SC,37932,Blue Cross,2026-02-08
86,Zachary Gonzalez,Male,1991-10-05,7155188442,zachary_gonzalez@gmail.com,Port Michael,IA,16408,Blue Cross,2026-04-18
87,Rebecca Young,Female,1962-12-07,,rebeccayoungdds@hotmail.com,Hammondshire,CA,16927,Not Provided,2026-06-12
88,Jerry Frazier,Male,1974-10-19,2268018242,,West Sarah,IN,45854,Medicare,2024-03-07
89,Joseph Campbell,Male,1991-12-03,4249818299,joseph.campbell@outlook.com,East Donna,VA,79817,Medicaid,2024-12-08
90,Tammy Williams,Female,1970-11-29,4396907844,tammy_williams@gmail.com,Sanchezfurt,MD,59947,Medicare,2024-01-24
91,Amy Gonzales,Female,1979-12-05,9255562588,amy_gonzales@gmail.com,West Johnville,LA,59430,Cigna,2023-08-09
92,Anne Roberts,Female,1962-01-27,2595327877,anne_roberts@gmail.com,Tylerland,MT,66750,Cigna,2025-02-03
93,Cynthia Aguilar,Female,1996-05-31,,cynthia_aguilar@gmail.com,North Juanfort,ME,70846,Aetna,2025-03-15
94,Ashley Anderson,Female,1987-11-29,0609835841,ashleyanderson@gmail.com,Gordonside,LA,82190,Not Provided,2026-05-07
95,Bryan Hester,Male,1989-07-19,5239868000,bryanhester@yahoo.com,Lake Mason,NJ,68570,Medicare,2025-04-25
96,Lisa Robertson,Female,2011-07-09,6949588879,lisa_robertson@gmail.com,Thomastown,MS,43917,Medicaid,2024-06-25
97,William Silva,Male,1976-03-28,9930972896,william_silva@gmail.com,Port Erin,AZ,75548,Medicare,2025-03-19
98,Ashley Smith,Female,1976-07-27,,ashley.smith@gmail.com,Whitneyfort,NC,49892,Cigna,2024-05-11
99,April Little,Female,1946-07-16,,aprillittle@hotmail.com,New Justin,NE,84505,UnitedHealth,2023-07-27
99,Christopher Barr,Male,1980-09-24,9733484344,,Lake Janet,MA,63389,Aetna,2025-09-04
100,Taylor Pope,Female,1986-03-22,8665240415,taylor.pope@gmail.com,Douglasfort,IL,26986,Medicaid,
101,Devin Hoffman,Male,2010-02-19,9330833016,devin.hoffman@hotmail.com,Jenniferville,TX,18519,Cigna,2026-03-08
102,Joshua Hickman,Male,1989-10-06,4540193802,joshua.hickman@yahoo.com,Khanburgh,PW,05264,Not Provided,2024-11-06
103,Jon Zuniga,Male,1988-04-03,9915478872,jonzunigadvm@gmail.com,Nelsonville,MI,21799,Medicaid,2024-03-24
104,Matthew Higgins,Male,1997-12-23,,matthewhiggins@yahoo.com,East Thomas,KS,01396,Medicaid,2025-01-10
105,David Molina,Male,1985-07-15,0453017426,david_molina@gmail.com,Hannahport,MN,81061,Not Provided,2025-07-17
106,Tina Mendoza,Female,1972-11-03,8783391878,tinamendoza@gmail.com,Christianshire,DE,08595,Blue Cross,2025-08-24
107,Steven Harris,Male,1944-06-17,7139718707,stevenharris@gmail.com,New Robert,OR,08068,Self Pay,2025-12-19
108,Michael Parker,Male,1978-08-06,3910651801,michael.parker@hotmail.com,Johnsonchester,ID,18251,Cigna,2024-05-07
109,William Brewer,Male,1976-01-02,6618251286,william.brewer@yahoo.com,Lake Tiffany,AL,99614,Medicare,2024-04-30
110,Edwin Nunez,Male,1983-01-17,3752431069,edwin.nunez@hotmail.com,East Jamieville,RI,04901,Cigna,2024-09-06
111,Megan Brennan,Female,2020-04-05,3830284395,megan.brennan@outlook.com,Joelberg,TX,68822,Not Provided,2026-01-01
112,Eric Brown,Male,,,ericbrown@gmail.com,Port Amanda,KS,30037,UnitedHealth,2024-03-09
113,Michelle Shaffer,Female,1980-04-14,,michelle_shaffer@gmail.com,Christopherborough,AR,35688,Medicaid,2025-08-19
114,Larry Williams,Male,1932-02-21,,larrywilliams@gmail.com,East Lindashire,VA,88509,Cigna,2025-10-19
115,Karen Booth,Female,1984-12-08,,karen.booth@gmail.com,Oscarside,TN,47589,Medicaid,2023-04-10
116,Ian Andrade,Male,1974-09-30,3556093204,ianandrade@outlook.com,Phillipsborough,MI,30650,Aetna,2026-01-02
117,Sandra Porter,Female,1982-05-17,7252287280,sandra_porter@outlook.com,Port Melanieton,WV,01337,Blue Cross,2023-06-15
118,Ryan Hall,Male,2005-01-15,7509977008,ryan_hall@gmail.com,Smithhaven,WA,36511,UnitedHealth,2024-04-15
119,Donna Shaw,Female,1959-04-06,8233984546,donna_shaw@gmail.com,West Susanmouth,OR,32378,Blue Cross,2024-09-04
120,Courtney Sutton,Female,1965-09-08,6870021765,courtney_sutton_dvm@yahoo.com,New Samanthabury,IN,91240,Medicare,2023-03-02
121,Karen Williams,Female,1966-04-26,0250392614,karen_williams@yahoo.com,New John,MP,51508,Cigna,2024-10-10
122,Joshua Reyes,Male,2000-03-07,0163159996,joshuareyes@outlook.com,Anthonyview,WY,59555,UnitedHealth,2023-01-26
123,Henry Pugh,Male,1952-11-10,1943114262,henry.pugh@gmail.com,Stewartville,CO,01181,Aetna,2026-07-04
124,Jeremy Juarez,Male,2009-12-18,,jeremy_juarez@outlook.com,New Carlymouth,MO,02118,Blue Cross,2025-09-08
125,Jasmine Miller,Female,1970-03-23,6224447212,jasmine_miller@hotmail.com,Hillport,NM,10583,Medicaid,2023-02-25
126,Tony Le,Male,1938-01-15,7124065965,tony.le@hotmail.com,Cookberg,MD,42531,Self Pay,2026-04-07
127,Melissa Mendoza,Female,2000-11-06,7935646519,melissa.mendoza@gmail.com,New Wendy,ID,89854,Blue Cross,2024-11-10
128,Alexander Acosta,Male,1993-08-08,6724342661,alexander_acosta@outlook.com,Ewingfort,PA,53035,Blue Cross,2023-08-03
129,Thomas Kane,Male,1980-06-05,8911352909,thomaskane@gmail.com,Rasmussenmouth,NV,14387,Cigna,2023-12-03
130,David Dixon,Male,1991-11-05,,daviddixon@gmail.com,North Marieberg,MN,41381,Aetna,2024-03-15
131,Richard Boyd,Male,2012-11-07,7514010512,richardboyd@hotmail.com,New Greg,HI,43884,Aetna,2023-12-20
132,Tyler Hall,Male,1979-09-07,6093796603,tyler_hall@gmail.com,West Karen,AS,08701,Aetna,2026-02-10
132,Micheal Evans,Male,2016-03-17,,micheal.evans@outlook.com,Romerohaven,MO,15584,Medicaid,2026-07-31
133,Robert Herrera,Male,2003-05-08,1478596969,robert_herrera@gmail.com,West Michaelmouth,SC,23114,Cigna,2023-12-09
134,Michael Evans,Male,1972-03-22,,michaelevans@gmail.com,New Patrick,ID,64289,Blue Cross,2025-06-22
135,Michael Brewer,Male,1999-09-12,4225790507,michael.brewer@yahoo.com,East Lisa,OK,66749,Self Pay,2023-12-06
136,Jason Vasquez,Male,1951-07-25,,jasonvasquez@hotmail.com,Cunninghamfort,OK,67453,Medicare,2023-05-02
137,Brian Hampton,Male,1997-04-07,8361340745,brianhampton@outlook.com,South Michelleville,WI,31557,Aetna,2025-07-20
137,Monica Nielsen,Female,2006-01-10,,monicanielsen@outlook.com,West Brianborough,PA,69501,Aetna,2024-04-04
138,Oscar Norris,Male,1988-06-28,3309584982,oscar_norris@hotmail.com,Tiffanyport,ME,75570,Medicaid,2023-04-10
139,Scott Duke,Male,,4223253672,scott.duke@gmail.com,Courtneyfurt,NH,10399,Not Provided,2025-01-31
140,Spencer Davis,Male,2006-01-20,5901751863,spencer.davis@yahoo.com,Summersfort,KY,42819,Medicaid,2025-05-14
141,George Lane,Male,1977-04-22,,george.lane@gmail.com,Lake Kevin,LA,12735,UnitedHealth,2024-12-20
142,Danielle Watson,Female,1954-10-12,3611037129,danielle_watson@hotmail.com,New Erin,AL,01557,Medicaid,2026-05-15
143,Ruth Mcneil,Female,2013-08-20,,ruthmcneil@gmail.com,Lake Victoria,FL,09467,Blue Cross,2023-05-26
144,Alejandra Santos,Female,1978-03-08,,alejandra.santos@gmail.com,Sylviamouth,WY,18828,Aetna,2024-08-09
145,Maria Wright,Female,1976-01-14,8983640376,maria.wright@yahoo.com,East Victorland,ND,02082,Medicaid,2024-09-27
146,Timothy Anderson,Male,1966-04-17,,timothyandersonphd@gmail.com,Diazburgh,WI,62237,Blue Cross,2025-11-25
147,Randy Smith,Male,2006-02-01,0068486661,randy_smith@hotmail.com,West Christopher,CO,67518,Aetna,2025-01-07
148,William Moore,Male,2008-02-03,4630316179,,West Elizabethburgh,DE,02161,Aetna,2024-01-02
149,Meredith Martin,Female,1971-04-27,2524105648,meredith.martin@yahoo.com,West Jennifershire,SC,10602,Cigna,2024-09-28
150,Kayla Brown,Female,1976-08-13,1913800030,kayla_brown@yahoo.com,Coxberg,ID,05136,Cigna,2024-04-22
151,Suzanne Yang,Female,1976-08-17,6541951802,suzanne.yang@yahoo.com,Port Zachary,AZ,53051,Not Provided,2025-07-27
152,John Campbell,Male,1974-12-03,,john.campbell@hotmail.com,Brittanyfort,WY,26115,Aetna,2025-07-16
153,Joshua Flynn,Male,1995-06-05,3850506413,joshuaflynn@hotmail.com,South Travis,AR,19162,Not Provided,2024-09-15
154,Brandon Morse,Male,1977-04-29,9182619906,brandonmorse@hotmail.com,East Kelly,PR,41789,Self Pay,2024-05-26
155,James Decker,Male,1976-06-16,,james.decker@gmail.com,Edwardsville,ND,47462,Blue Cross,2023-09-21
156,Mr. Eric Baker,Male,1996-07-22,9035213568,eric.baker@hotmail.com,Lake Kentburgh,AK,53505,UnitedHealth,2025-10-18
157,Kristi Pierce,Female,1944-07-25,,kristi.pierce@outlook.com,Samanthaland,AK,08951,Blue Cross,2024-10-20
158,Matthew Lamb,Male,1972-03-08,,matthew.lamb@yahoo.com,West Jason,HI,36543,Medicare,2024-03-25
159,Sophia Johnson,Female,2005-05-14,8701462638,sophia_johnson@gmail.com,Lake Virginia,ND,03060,Aetna,2026-01-15
160,Richard Howard,Male,,5642059304,richard.howard.md@yahoo.com,Port Victoriahaven,MN,77045,Blue Cross,2026-04-16
161,Brett Sandoval,Male,2000-11-15,5223955905,brett.sandoval.iii@yahoo.com,New Stacy,NY,71558,Self Pay,2026-06-10
162,John Davis,Male,1966-02-08,8705932525,johndavis@gmail.com,North Dylanberg,WY,15039,Cigna,2025-10-13
163,Scott Yu,Male,1958-02-26,5452267528,scottyu@gmail.com,Jeffreyshire,ID,50096,Cigna,2023-12-07
164,Melissa Anderson,Female,1998-02-14,,melissa_anderson@gmail.com,Juliebury,MI,42380,Medicare,2025-02-07
165,Stephen Davis,Male,1962-03-01,3315410067,stephen_davis@yahoo.com,Costachester,NY,50139,Medicare,2024-07-30
166,James Poole,Male,1973-01-29,,jamespoole@gmail.com,East Shannon,AS,04880,Medicare,2025-08-27
167,Emma Lynn,Female,1964-12-22,2181599706,emma_lynn@yahoo.com,New Pamela,GA,07520,UnitedHealth,2023-11-06
168,Daniel Lee,Male,1943-09-18,1069872050,daniellee@outlook.com,Millerfort,IL,13213,Cigna,2023-06-11
169,Christopher Carter,Male,1986-06-15,6774186256,christophercarter@outlook.com,Jacobton,KS,58138,Not Provided,2023-06-28
170,Courtney Adams,Female,1997-03-24,,courtney_adams@yahoo.com,Armstrongbury,NM,39672,Medicare,2024-08-08
171,Stephanie Klein,Female,1999-03-30,2332061632,stephanieklein@gmail.com,Luisland,CO,51369,UnitedHealth,2025-02-01
172,Kristen Gates,Female,1998-03-22,,kristen_gates@hotmail.com,New Kimberlyport,VI,70707,Self Pay,2025-09-19
173,Shawn Baker,Male,1982-11-26,,shawnbaker@gmail.com,Hannahton,WA,62788,Not Provided,2024-02-12
174,Stephanie Smith,Female,1974-09-27,,stephaniesmith@hotmail.com,South Jason,GU,53869,Blue Cross,2025-03-02
175,Peter Camacho,Male,1976-04-26,,petercamacho@gmail.com,East Antonioton,PW,47736,Medicaid,2024-09-17
176,Denise Colon,Female,1965-02-09,,denisecolon@gmail.com,Port Patricia,WV,90790,Self Pay,2026-06-01
177,Alyssa Williams,Female,1981-07-15,,alyssa.williams@gmail.com,West Charlene,MD,93921,Cigna,2023-10-14
178,Miss Jessica Bennett,Female,1952-04-13,7489691085,miss.jessica.bennett@gmail.com,Kennethville,NM,08868,UnitedHealth,2026-02-17
179,Destiny Nguyen,Female,1987-06-11,2830965207,destiny.nguyen@hotmail.com,Jordanchester,MO,51392,Medicaid,2024-08-25
180,Lauren Cooley,Female,1931-08-02,7584282417,laurencooley@outlook.com,Lake Jonathan,OK,24496,Not Provided,2025-04-18
181,Steven Pena,Male,1969-03-11,6554947170,,South Pamelahaven,DE,89721,Self Pay,2023-06-30
182,Elizabeth Brown,Female,,,elizabeth.brown@hotmail.com,Cynthiatown,NV,36352,UnitedHealth,2024-12-06
183,Patricia Johnston,Female,2002-11-27,9666676008,patriciajohnston@gmail.com,Lake Nathan,AL,42734,Medicare,2024-01-21
184,Joseph Smith,Male,1972-04-24,4216894210,josephsmith@gmail.com,Stacymouth,WA,68696,Aetna,2023-04-09
185,George Barron,Male,1985-08-27,3260332309,georgebarron@gmail.com,North Michael,SD,05398,Blue Cross,2025-05-07
186,Martin Wise,Male,1967-03-29,,martin.wise@hotmail.com,East Heather,SC,01720,Blue Cross,2024-11-08
187,Matthew Bates,Male,1972-06-23,6189141173,matthew.bates@hotmail.com,Port Jose,ND,26934,Not Provided,2023-03-22
188,Jennifer Martin,Female,1983-01-10,3001197218,jennifer_martin@gmail.com,Lake Jenniferview,SD,30799,Medicaid,2025-02-28
189,Vanessa Baker,Female,1997-09-14,,vanessa_baker@gmail.com,Michaelmouth,RI,35668,Self Pay,2023-03-01
190,Anna Briggs,Female,,7467621202,,South Rhondafort,OR,89419,Blue Cross,2024-11-23
191,Logan Maxwell,Male,1990-01-05,,loganmaxwell@gmail.com,Lake Morgan,ND,69065,Medicaid,2023-06-03
192,Luke Reynolds,Male,1964-03-04,2890028772,lukereynolds@outlook.com,Port Travisbury,MA,36959,Cigna,2023-07-30
193,Daniel Schneider,Male,1977-07-02,,daniel_schneider@hotmail.com,South Robertside,OK,00523,Self Pay,2025-08-26
194,Rebecca Richmond,Female,,,rebecca_richmond@gmail.com,Moranstad,VT,59815,Blue Cross,2023-08-08
195,Peter Walker,Male,1978-06-17,8510272614,peter.walker@gmail.com,East David,MT,28758,Self Pay,2023-10-03
196,Richard Love,Male,1973-11-08,1779827080,richard.love@gmail.com,Robersonfort,NC,23727,UnitedHealth,2024-07-14
197,Carrie Ochoa,Female,1998-12-24,,carrie_ochoa@gmail.com,Ballardberg,MT,79475,Not Provided,2023-09-29
198,Nicole Evans,Female,1977-08-19,,nicoleevans@gmail.com,Annashire,OR,87946,Blue Cross,2023-04-26
199,Megan English,Female,1979-09-02,,megan.english@gmail.com,Nataliechester,AL,69016,Cigna,2025-11-12
200,James Brown,Male,2004-01-28,,jamesbrown@outlook.com,East Josephburgh,ME,90074,UnitedHealth,2024-02-01
201,Ryan Vaughn,Male,1974-05-15,5719838638,ryanvaughn@hotmail.com,Heatherton,MO,51298,Aetna,2023-04-15
202,Rachel Jennings,Female,1969-12-11,9735989334,racheljennings@yahoo.com,Thompsonland,HI,23280,Not Provided,2024-11-09
203,Barbara Williams,Female,1959-11-08,,barbarawilliams@yahoo.com,Port Sarahport,NM,75562,Self Pay,2024-06-09
204,Benjamin Zimmerman,Male,1959-12-01,8268861533,benjamin.zimmerman@hotmail.com,Markport,IL,99153,Not Provided,2026-07-07
205,Karen Hoffman,Female,2009-06-17,3993056164,,Angelhaven,GU,49647,Aetna,2026-02-16
206,Katie Tucker,Female,2000-01-16,1128801336,katietucker@gmail.com,East Amandachester,TN,09953,UnitedHealth,2024-08-16
207,Christian Stevens,Male,1971-03-28,0248193466,christianstevens@outlook.com,Mccoychester,MD,02714,Not Provided,2023-01-23
208,Bryan Smith,Male,1971-06-17,,bryansmith@hotmail.com,Shorttown,NM,20990,Blue Cross,2024-06-01
209,Chad Myers,Male,1970-11-11,0882100996,chad_myers@hotmail.com,West Jasonstad,IL,54588,UnitedHealth,2024-10-12
210,Sarah Thomas,Female,1930-09-08,3129087814,,West Coreyshire,NM,43866,Medicare,2023-10-03
211,Megan Young,Female,1969-12-26,5775949299,megan_young@yahoo.com,Lindseychester,HI,01134,UnitedHealth,2025-11-04
212,Rachel Joseph,Female,1958-10-24,,rachel_joseph@yahoo.com,Port Juanberg,OH,26247,Aetna,2025-03-23
213,Stephen Jones,Male,1961-10-11,9969308488,stephen.jones@gmail.com,Valdezberg,MN,51946,Medicaid,2025-01-26
214,Patricia Quinn,Female,,8165803928,patriciaquinn@gmail.com,South Erik,OK,74663,UnitedHealth,2025-01-18
215,Tracy Fitzgerald,Female,1988-02-04,7314530385,tracy.fitzgerald@gmail.com,Harrisonmouth,FM,06587,Aetna,2024-01-18
216,Matthew Garcia,Male,1965-09-16,9266591846,matthew.garcia@gmail.com,New Richard,GU,45725,Aetna,2023-03-22
217,John Munoz,Male,1997-05-19,,,South Lisa,WA,15356,Cigna,2026-05-27
218,John Clark,Male,1986-04-25,0299228092,johnclark@gmail.com,East Jonathanburgh,ND,53644,Not Provided,2023-02-03
219,Kristy Smith,Female,1991-05-30,9772369292,kristysmith@yahoo.com,Garymouth,NH,78689,Medicare,2025-12-05
220,Crystal Cruz,Female,1980-04-21,8629127990,crystal.cruz@gmail.com,North Timothyberg,MH,79599,Not Provided,2026-03-29
221,Aaron Pace,Male,1935-02-17,,aaron_pace@gmail.com,Andersonfort,WI,30976,Medicaid,2026-02-04
222,Bradley George,Male,2019-01-30,,bradley.george@gmail.com,Danielchester,TN,77226,Medicare,2024-11-24
223,Scott Henderson,Male,1968-05-29,3688725887,scott.henderson@hotmail.com,Vanessashire,MN,92971,UnitedHealth,2026-05-08
224,Brenda Shields,Female,2013-12-27,1386589026,brenda.shields@gmail.com,Port Christopherberg,NM,79176,Blue Cross,2025-03-29
225,Amy Walker,Female,1990-10-18,,amywalker@hotmail.com,Port Diane,AS,68416,Aetna,
226,Andrew Greene,Male,1960-01-26,5302146566,andrewgreene@hotmail.com,New Alexis,VA,09494,Medicare,2025-08-01
227,Krista Barber,Female,1980-06-18,9376904268,kristabarber@hotmail.com,New Charlesport,MA,15837,Cigna,2024-03-23
228,Tyler Walter,Male,2002-08-27,7357790714,tyler.walter@gmail.com,South Cynthiabury,TX,92405,Aetna,
229,Ethan Moses,Male,1995-12-10,1651827553,ethanmoses@hotmail.com,Ianborough,NM,97115,Cigna,2025-10-26
230,Nancy Salas,Female,1968-06-19,9521117908,nancy_salas@hotmail.com,Port Timothymouth,NY,75804,Medicaid,2024-12-03
231,Katherine Joyce,Female,1996-04-27,2086780856,katherinejoyce@gmail.com,South Tiffany,VT,68423,UnitedHealth,2023-10-26
232,Melissa Smith,Female,1977-08-13,5594284347,melissa_smith@hotmail.com,Michaelfort,NE,28095,Aetna,2025-09-02
233,Nicole Diaz,Female,1981-02-26,9293143866,nicolediaz@gmail.com,East Lauren,WV,20102,Cigna,2024-10-27
234,Alexandra Fisher,Female,1995-07-04,,alexandra_fisher@outlook.com,Port Jonathan,SD,13123,UnitedHealth,2024-10-04
235,Felicia Ward,Female,1938-10-22,1593998245,felicia_ward@yahoo.com,Emilyfort,WY,97038,Medicaid,2024-03-07
236,Blake Austin,Male,1969-07-18,6996112535,blakeaustin@yahoo.com,Deniseview,PA,84995,UnitedHealth,2026-07-07
237,Stephen Norman,Male,2022-07-23,6220234132,stephennorman@outlook.com,Garcialand,NM,72385,Blue Cross,2025-06-09
238,Patricia Warren,Female,1978-02-21,2164334722,patricia.warren@gmail.com,North Austin,MI,43125,UnitedHealth,
239,Julie Pitts,Female,1995-03-17,8299796884,julie.pitts@yahoo.com,Timothybury,CO,58416,Medicare,2025-11-24
240,Jennifer Moore,Female,1964-03-28,5478077406,jennifer_moore@gmail.com,Carlatown,OH,49475,Medicaid,2023-02-15
241,Sonia Kim,Female,1997-03-28,,sonia_kim@hotmail.com,East Jennifer,SD,51582,Aetna,2023-04-25
242,Daniel Miller,Male,1983-11-11,,daniel_miller@outlook.com,Williamsonview,UT,82126,UnitedHealth,2025-08-26
243,Erica Hernandez,Female,1971-05-30,4270312073,erica.hernandez@gmail.com,Robertfort,MS,61277,Medicaid,2026-04-12
244,Andres Miller,Male,1964-07-30,1872346013,andres_miller@gmail.com,Wisemouth,KS,97182,Medicare,2023-11-12
245,Curtis Moss,Male,2005-12-04,5208814743,curtis.moss.jr.@gmail.com,Paigeborough,DE,31429,Aetna,2024-08-26
246,Frederick Jackson,Male,1987-10-29,3009792513,frederickjackson@yahoo.com,South Christopher,RI,44858,Aetna,2026-07-30
247,Zachary Garrett,Male,1990-10-01,1273585730,zachary.garrett@gmail.com,Howardberg,KS,05676,Not Provided,2023-08-15
248,Jeffrey Phillips,Male,1995-06-08,8557498218,jeffrey_phillips@gmail.com,South Kenneth,KY,71490,Aetna,2023-01-27
249,April Little,Female,1946-07-16,,aprillittle@hotmail.com,New Justin,NE,84505,UnitedHealth,2023-07-27
250,Anne Hopkins,Female,1973-05-13,3173109678,anne.hopkins@gmail.com,Brandonbury,RI,94590,Aetna,2026-01-31
251,Timothy Clark,Male,2006-11-10,5865094801,timothy_clark@gmail.com,Christianborough,ND,13230,Medicare,2025-01-07
252,Crystal Cruz,Female,,2886195761,,Port Henry,MO,66652,Medicaid,2024-07-19
253,Christopher Murillo,Male,1939-07-10,5566593983,christopher_murillo@gmail.com,Cannonview,MN,59798,Blue Cross,2023-12-21
254,James Barber,Male,1960-10-21,2404335048,james_barber@outlook.com,North Benjamin,MN,20962,Medicaid,2026-07-22
255,Jacob Perkins,Male,2012-03-05,9693157279,jacobperkins@outlook.com,New Dawnton,WA,76035,Medicare,2023-10-31
256,Penny Weeks,Female,1990-10-26,,penny.weeks@outlook.com,West Wayne,IA,20580,Medicaid,2025-12-09
257,Monique Long,Female,1956-01-15,1364622517,monique_long@gmail.com,New Raymondland,MO,66275,Cigna,2026-06-30
258,Michael Gill,Male,1996-05-02,6938983314,michael_gill@gmail.com,Morrisshire,CO,15250,Medicaid,2026-01-06
259,Jessica Bailey,Female,1972-11-11,,jessica_bailey@yahoo.com,Lake Nathaniel,WI,95985,UnitedHealth,2023-05-17
260,Ashley Brown,Female,1966-06-26,,ashley_brown@outlook.com,Anaberg,UT,92088,Blue Cross,2023-03-23
261,Jamie Escobar,Female,,4394070164,jamie.escobar@gmail.com,Michelletown,ME,85620,UnitedHealth,2026-02-10
262,William Romero,Male,1983-02-23,8123878003,williamromero@yahoo.com,Matthewfurt,WA,21079,UnitedHealth,2026-01-15
263,Michael Kelly,Male,,,michaelkelly@yahoo.com,North Jessica,ND,89367,Cigna,2023-03-02
264,Lori Perez,Female,2002-03-09,4957823298,,Port Devin,VT,92924,UnitedHealth,2024-04-17
265,Theodore Jordan,Male,1986-08-28,1881252056,theodore_jordan@outlook.com,Turnerview,FL,25133,Not Provided,2025-04-25
266,Cody Farmer,Male,2006-07-08,,cody.farmer@outlook.com,Josephstad,ID,51286,Aetna,2026-05-01
267,Chad Lee,Male,1949-01-05,6333127975,chad.lee@gmail.com,Claychester,MT,05983,UnitedHealth,2024-08-08
268,Samantha Cortez,Female,2009-09-30,8808177038,samanthacortez@gmail.com,Terrellton,OH,51278,Blue Cross,2025-07-20
269,Mark Williams,Male,1990-06-12,4726490827,mark.williams@outlook.com,Davishaven,DE,24063,Blue Cross,2023-11-29
270,Todd Horton,Male,1979-01-15,7027937145,todd.horton@gmail.com,Lake Jessica,CO,15464,Cigna,2024-03-20
271,Madison Miller,Female,1953-01-26,,madison.miller@gmail.com,Port Jennifer,MT,40879,UnitedHealth,2024-11-09
272,Randy Griffin,Male,2010-01-08,0940777809,randy_griffin@gmail.com,Youngshire,TN,62853,Aetna,2023-05-19
273,Jeremy Burke,Male,1958-03-26,9830220502,jeremy.burke@gmail.com,Lake Belindaport,MI,11996,UnitedHealth,2025-05-24
274,Jennifer Thompson,Female,1980-11-20,8279501455,jennifer_thompson@outlook.com,Wilkinschester,MP,72652,Medicare,2023-02-19
275,John Martinez,Male,2000-09-30,,john_martinez@hotmail.com,Markchester,ND,28005,UnitedHealth,2025-03-22
276,Logan Rodriguez,Male,1972-05-21,,,Stonefort,NM,24081,Aetna,2025-08-05
277,David Roberts,Male,1977-11-24,,david_roberts@gmail.com,North Danielle,UT,37414,Cigna,2026-03-15
278,Barry Evans,Male,1994-03-09,5699023557,barry_evans@yahoo.com,Roblesberg,NJ,20867,Medicaid,2025-06-27
279,Steven Herrera,Male,1980-05-11,,stevenherrera@gmail.com,Carlberg,KY,04586,Cigna,2023-01-09
280,James Ferguson,Male,1989-02-25,,jamesferguson@yahoo.com,New Catherine,HI,78513,UnitedHealth,2024-07-12
281,Richard Parker,Male,1979-08-10,1735743842,richardparker@hotmail.com,West Kristenborough,PW,12638,Medicare,2023-09-24
282,Alexander Webb,Male,1968-02-05,,alexanderwebb@hotmail.com,Reeveshaven,DE,01039,Blue Cross,2026-03-08
283,Andrew Charles,Male,1950-01-03,1840943533,andrew_charles@outlook.com,Joshuamouth,WI,58318,Cigna,2023-03-03
284,Denise Moore,Female,2005-12-08,8138585424,denisemoore@gmail.com,East Charles,SC,44900,UnitedHealth,2024-05-03
285,Anthony Johnson,Male,1938-12-24,1662997954,anthony.johnson@yahoo.com,Lisaside,CO,99557,UnitedHealth,2026-02-10
286,Keith Davis,Male,2021-03-02,,keith.davis@yahoo.com,Kristinamouth,NJ,64399,UnitedHealth,2025-07-16
287,Karen Bell,Female,1985-05-07,9928161581,karen_bell@gmail.com,Amandafurt,PA,54691,Aetna,2025-01-26
288,David Moore,Male,1969-08-24,3966958321,davidmoore@outlook.com,Wilsonmouth,MD,73257,Medicare,2025-08-30
289,Jill Parker,Female,1976-02-15,9657013290,jill.parker@gmail.com,Lake Edward,OH,38708,Self Pay,2025-07-22
290,Laura Gonzalez,Female,1993-09-28,6519098624,lauragonzalez@gmail.com,West Rachelton,AL,92691,Aetna,2026-03-26
291,Veronica Rodriguez,Female,1985-08-20,,veronica_rodriguez@gmail.com,Taylorside,MS,47724,Cigna,2026-07-21
292,Brittany Bright,Female,1990-10-05,0276212679,brittany_bright@outlook.com,Hansonmouth,NY,56091,Blue Cross,2024-09-14
293,Joanna Kelly,Female,1993-07-13,9738468950,,New Timothystad,DE,76557,Medicaid,2023-09-29
294,Melissa Thomas,Female,1965-08-13,8913718949,melissathomas@yahoo.com,West Amandatown,NM,60012,Medicaid,2026-05-04
295,Julie Gross,Female,1974-01-19,,julie.gross@gmail.com,Lake Veronicatown,LA,64039,Self Pay,2025-12-26
296,Kathy York,Female,,4440192927,kathy_york@gmail.com,Lindseyview,VT,31459,Aetna,2024-11-17
297,Rebecca Atkins,Female,1963-09-20,2766372395,rebeccaatkins@yahoo.com,Lake Josephville,AR,22468,Medicare,2025-07-02
298,Karen Alvarez,Female,1975-05-12,,karen.alvarez@gmail.com,North Samanthastad,NV,80518,Blue Cross,2023-08-16
299,Shannon Rogers,Female,1964-12-24,,shannon_rogers@hotmail.com,Lake Alanland,AL,54404,Medicaid,2023-12-31
300,Brian Griffin,Male,1968-10-11,0091093911,brian.griffin@outlook.com,Port Cassandrafurt,TN,85423,UnitedHealth,2023-02-08
301,Walter Kemp,Male,1998-07-24,1746542140,walter_kemp@outlook.com,Priceton,KY,35191,Medicaid,2025-02-26
302,Benjamin Krause,Male,1992-10-27,,benjaminkrause@gmail.com,North Charlesshire,VA,33347,Medicare,2024-02-20
303,Alicia Jimenez,Female,1966-09-16,,alicia.jimenez@yahoo.com,New Jeremiahfurt,UT,63686,Aetna,2025-10-20
304,Joseph Frey,Male,1969-08-01,,josephfrey@yahoo.com,South Donnaport,UT,51632,Cigna,2025-08-23
305,Mark Howard,Male,1982-04-14,,mark_howard@gmail.com,Fergusonmouth,AK,05356,Medicaid,2024-03-27
306,Gail Le,Female,1979-02-26,7829310270,gail.le@gmail.com,Meadowston,IA,92421,Not Provided,2026-02-07
307,Adrian Chen,Male,1956-06-15,,adrian.chen@gmail.com,Loriville,NJ,80615,Blue Cross,2023-09-17
308,Leslie Meyers,Female,1993-01-15,9313656519,leslie.meyers@gmail.com,West Mary,WY,28449,Aetna,2023-07-15
309,Kevin Rogers,Male,1970-12-25,2582739021,kevin_rogers@outlook.com,Stricklandtown,FM,64328,Self Pay,2024-05-29
310,Adam Howe,Male,1986-06-23,3248763290,adam.howe@gmail.com,Lake Vincent,CO,82708,Medicaid,2023-08-14
311,Eric Barnes,Male,1986-01-16,1958837340,ericbarnes@outlook.com,North Laura,TX,62683,Not Provided,2024-02-19
312,Christopher Livingston,Male,1960-03-31,6459701082,christopherlivingston@gmail.com,Port Anthony,NC,15713,Aetna,2025-09-28
313,Cynthia Wallace,Female,1964-12-27,3153136363,cynthiawallace@gmail.com,South Brendaton,NV,19498,Cigna,2025-09-08
314,Lisa Thompson,Female,1964-12-10,5435209042,lisa.thompson@gmail.com,Port Stevenchester,HI,45534,Aetna,2025-07-20
315,Elizabeth Moore,Female,1955-05-21,1687397740,elizabethmoore@hotmail.com,Fitzgeraldbury,KS,43400,Self Pay,2024-02-29
316,Courtney Pennington,Female,1981-07-19,0078068671,courtney_pennington@hotmail.com,Simpsonland,OH,99208,Medicare,2024-05-03
317,Nicholas Dodson,Male,1968-04-26,1074279907,nicholas_dodson@outlook.com,Ingramfurt,HI,49052,Cigna,2025-07-14
318,Michael Smith,Male,1987-12-24,0464989319,michael.smith@outlook.com,Jillton,NC,88929,Blue Cross,2023-09-28
319,Amber Reyes,Female,,,amberreyes@hotmail.com,Lake Timothyshire,VT,27999,Blue Cross,2026-01-28
320,Philip Flores,Male,1984-03-12,0155778817,philip_flores@outlook.com,Shannonstad,AS,88752,Aetna,2023-11-11
321,Robert Everett,Male,1980-03-07,,robert_everett@yahoo.com,Hernandezborough,NC,82719,Medicare,2025-10-19
322,Jennifer Fleming,Female,1970-06-01,7043103856,jennifer_fleming@gmail.com,Dianamouth,NY,78273,Blue Cross,2025-09-07
323,Joseph Kelley,Male,1998-03-08,4243754025,josephkelley@gmail.com,Stephenburgh,RI,21576,Blue Cross,2023-06-28
324,Dustin Mcpherson,Male,1939-12-19,,dustin_mcpherson@outlook.com,Lake Loganstad,FL,49379,Cigna,2024-03-17
325,Vanessa Ferguson,Female,2001-12-28,2752088547,vanessa.ferguson@yahoo.com,Tarashire,TX,19779,Cigna,
326,Monica Nielsen,Female,2006-01-10,,monicanielsen@outlook.com,West Brianborough,PA,69501,Aetna,2024-04-04
327,Timothy Ramirez,Male,1958-04-10,1863759980,timothyramirez@yahoo.com,Raymondchester,MN,51109,Cigna,2026-04-05
328,Dominique Bell,Female,1965-10-03,,dominiquebell@gmail.com,Sawyerland,IN,95902,Medicaid,2025-05-09
329,Patrick Perry,Male,1969-03-24,6299123478,patrickperry@hotmail.com,Carlshire,WI,49754,Cigna,2023-07-16
330,Jason Rocha,Male,1969-08-13,9232648704,jason.rocha@gmail.com,Troymouth,IA,04018,Aetna,2025-12-25
331,Brittany Evans,Female,1981-12-24,2730147195,brittanyevans@gmail.com,Cunninghamview,SD,90404,Blue Cross,2023-09-21
332,Michael Wilson,Male,1999-03-08,,michael_wilson@gmail.com,Fieldsstad,AR,38493,Aetna,2023-05-16
333,Mark Jones,Male,1980-06-14,,markjones@hotmail.com,Port Courtney,WV,12888,Medicare,2025-10-31
334,Christopher Morris,Male,1994-11-16,,christopher.morris@gmail.com,Margaretport,LA,90343,Aetna,2024-01-06
335,Marc Lopez,Male,1970-12-02,4968549822,marclopez@outlook.com,Parkermouth,ME,48844,Medicare,2025-02-04
335,Heidi Ferguson,Female,1962-05-04,8457652132,heidi_ferguson@hotmail.com,Port Jacob,MH,73725,Medicare,2025-07-24
336,Sandra Fox,Female,1984-04-22,,sandrafox@hotmail.com,Geraldport,AK,98078,Medicare,2023-09-02
337,Daniel Vincent,Male,1998-05-18,3216110760,daniel_vincent@gmail.com,North Antonio,TX,67803,Blue Cross,2024-12-30
338,Julie Kerr,Female,1987-12-10,1193932501,julie.kerr@gmail.com,Port Julie,KY,76490,Medicare,2023-11-09
339,Christopher Mason,Male,1973-07-10,1908334280,christopher_mason@gmail.com,East Samanthafort,MS,92006,Medicaid,2025-02-24
340,Jessica Rosario,Female,1992-12-21,3836151718,jessica_rosario@outlook.com,South Kathryn,VT,38285,Blue Cross,2025-09-01
341,Andrew Murphy,Male,1998-01-24,9473864631,andrew.murphy@gmail.com,Crosbystad,HI,02176,Cigna,2023-07-19
342,Ashley Kim,Female,1977-02-19,,ashley_kim_dds@gmail.com,Martinezchester,VA,65920,Blue Cross,2025-05-12
343,Micheal Perkins,Male,1977-03-08,,micheal_perkins@gmail.com,Crawfordberg,AK,13556,UnitedHealth,2025-10-14
344,Ronald Jimenez,Male,1992-03-19,5249911877,ronaldjimenez@gmail.com,West Ebony,NY,66665,Cigna,2023-06-07
345,Gwendolyn Heath,Female,1991-01-05,6756770028,gwendolynheath@yahoo.com,Nicoleburgh,NY,56951,Medicaid,2025-08-15
346,Michelle Freeman,Female,1976-11-01,8977828064,michelle_freeman@outlook.com,Garzafurt,SC,89169,Medicaid,2024-08-10
347,William Flores,Male,2010-01-14,5590561655,william_flores@gmail.com,Bellbury,IA,31253,Aetna,2026-02-01
348,Leslie Lozano,Female,2010-07-30,2085076986,leslielozano@gmail.com,Andrewfort,PA,03415,Blue Cross,2025-10-21
349,Jamie Myers,Female,1995-12-02,7852945637,jamiemyersdds@gmail.com,Port Melissaborough,LA,35255,Blue Cross,2025-04-16
350,Zachary Morales,Male,1985-12-07,1954198763,zachary.morales@hotmail.com,Lauraport,NY,39810,Medicare,2023-04-22
351,Kimberly Gonzalez,Female,1974-11-09,7820829737,kimberly_gonzalez@gmail.com,Sharonside,SC,57350,UnitedHealth,2024-09-01
352,Molly Brown,Female,1951-10-05,,molly_brown@outlook.com,Debbieview,TX,79305,Cigna,2023-11-25
353,David Hernandez,Male,1964-02-22,,davidhernandez@yahoo.com,Kristineview,TN,72683,UnitedHealth,2026-03-25
354,Samuel Stuart,Male,1984-11-24,5941651623,samuelstuart@yahoo.com,New Jessicaville,ND,87561,Medicaid,2025-01-22
355,Travis Huynh,Male,1982-08-06,9155963632,travis.huynh@gmail.com,East Jasonview,NV,54027,Blue Cross,
356,Leah Henry,Female,2001-12-22,,leah_henry@hotmail.com,Port Joditon,UT,88528,Not Provided,2024-01-23
357,Juan Parker,Male,1982-08-02,,juan.parker@gmail.com,South Crystal,WY,84967,Cigna,2025-05-16
358,Andrew Delacruz,Male,1987-06-28,,andrewdelacruz@gmail.com,Shawntown,WI,07329,Medicare,2023-09-28
359,Clinton Ramos,Male,1974-10-25,4591123829,clintonramos@gmail.com,Sparksmouth,NV,63201,Aetna,2025-01-08
360,Brandi Thompson,Female,1997-10-03,6526693008,brandi_thompson@yahoo.com,North Terri,IL,34813,Not Provided,2024-04-15
361,Caroline Morales,Female,1971-05-28,,carolinemorales@gmail.com,Burkeberg,CO,48725,Medicaid,2024-02-22
362,Keith Smith,Male,1950-12-07,3334476263,keith.smith@yahoo.com,Port Justin,UT,25321,Not Provided,2025-03-18
363,Jennifer Thomas,Female,1984-05-29,7359710725,jennifer.thomas@gmail.com,Mcdanielfurt,VA,55982,Blue Cross,2023-09-22
364,Dawn Davis,Female,1973-03-06,7599004896,dawn_davis@gmail.com,Tiffanystad,DC,73843,Not Provided,2023-09-04
365,Cassie Jackson,Female,1967-09-04,1586241502,cassiejackson@gmail.com,Savageview,WV,47764,Medicare,2023-07-10
366,Diane Mcdowell,Female,1989-09-02,2572870320,diane_mcdowell@outlook.com,East Barry,KS,21938,Aetna,2024-05-24
367,Jeffrey Carney,Male,1976-11-08,8777121513,jeffreycarney@hotmail.com,Henryburgh,WV,67182,Blue Cross,2024-01-03
368,Justin Alvarado,Male,1981-07-05,9261371504,justin_alvarado@hotmail.com,South Nathanielville,MP,42907,UnitedHealth,2023-08-06
369,Brad Rivas,Male,1980-01-27,0509759230,bradrivas@hotmail.com,Marcuston,WV,09770,Blue Cross,2023-01-29
370,Lance Davis,Male,1997-07-30,,lance.davis@gmail.com,Owenport,MH,90280,Aetna,2025-06-30
371,Ian Davis,Male,1980-12-29,,,Williamfort,NH,51368,Medicare,2023-03-17
372,Kristine Henderson,Female,1972-04-22,,kristine_henderson@gmail.com,West Taylorland,PW,63102,Medicaid,2024-01-29
373,William Sutton,Male,1951-12-08,4908108186,william_sutton@outlook.com,Davisshire,KY,47091,Aetna,2026-06-27
374,Angela Gordon,Female,1962-06-16,6016459779,angela.gordon@gmail.com,Matthewburgh,IL,24760,Aetna,2023-03-07
375,Vickie Green,Female,1938-06-30,,vickie.green@gmail.com,Christinestad,VT,88817,Medicare,2025-06-15
376,Robert Miller,Male,1996-10-04,0303723683,robert.miller@hotmail.com,West Kaylaberg,NJ,55797,Medicare,2023-11-12
377,Christopher Hernandez,Male,1964-06-19,,christopher_hernandez@gmail.com,Lake Melaniechester,NE,65473,Not Provided,2023-11-07
378,Linda Spencer,Female,1978-04-23,7899730806,linda_spencer@gmail.com,Angelaview,TN,55176,Aetna,2024-10-06
379,Audrey Dean,Female,1938-07-27,,audreydean@hotmail.com,Sandramouth,FL,38956,UnitedHealth,
380,Jeanette Butler,Female,1997-11-15,3417223297,jeanettebutler@outlook.com,Port Robertfort,MD,31266,Medicare,2023-06-22
381,Amber Smith,Female,1998-06-09,8015619318,ambersmith@yahoo.com,South Jonathan,MI,47063,Medicare,2025-05-15
382,Randy Hawkins,Male,1993-02-04,0771199180,randy_hawkins@hotmail.com,East Crystalborough,MS,21083,Cigna,2024-12-18
383,Michael Gill,Male,2024-01-25,,michael.gill@yahoo.com,Williamland,KY,49316,Medicare,2024-03-15
384,Jennifer Soto,Female,1991-10-17,3266678507,jennifersoto@outlook.com,Port Alejandro,AS,68310,Medicare,2023-09-22
385,Bradley Edwards,Male,1996-08-22,0290846684,bradley_edwards@gmail.com,Reginatown,GU,37172,Aetna,2024-09-13
386,Leroy Thomas,Male,1978-06-06,9975634108,leroythomas@outlook.com,Peterberg,NC,71383,Not Provided,2026-03-04
387,Anna Arnold,Female,1974-12-18,8943468105,annaarnold@outlook.com,Courtneystad,DE,06757,Self Pay,2024-04-21
388,Todd West,Male,1943-09-17,,todd_west@gmail.com,Stonebury,CT,43472,UnitedHealth,2026-03-13
389,Corey Osborne,Male,1962-06-21,6110627371,coreyosborne@outlook.com,Ericafurt,OR,73766,Medicaid,2024-11-27
390,James Baker,Male,1992-11-16,6228277288,james_baker@gmail.com,Lake Jasonfort,AZ,98345,Cigna,2023-02-25
391,Kristin Dorsey,Female,1999-06-23,,kristindorsey@gmail.com,New Melissaville,DE,48943,Cigna,2025-08-09
392,Amanda Hernandez,Female,1972-08-04,4702296044,amandahernandez@yahoo.com,East Lori,NM,00774,UnitedHealth,2025-02-03
393,Gregory Harrell,Male,2007-11-08,,gregoryharrell@yahoo.com,Contrerasberg,VI,95903,UnitedHealth,2024-12-20
394,Rebecca Beck,Female,1945-08-02,5807412094,rebeccabeck@gmail.com,Lake Anitaborough,RI,71520,Aetna,2026-07-24
395,Amy Hudson,Female,1958-04-19,,amy.hudson@gmail.com,Richardton,NY,03550,Medicaid,2025-09-28
396,Christopher Johnson,Male,1990-09-16,1182422412,christopher_johnson@outlook.com,Stephanieburgh,AR,81041,Medicaid,
397,Micheal Evans,Male,2016-03-17,,micheal.evans@outlook.com,Romerohaven,MO,15584,Medicaid,2026-07-31
398,Emily Tran,Female,1954-05-28,3048913824,emilytran@gmail.com,Griffinhaven,IN,19161,Medicare,2024-01-28
399,Victoria Casey,Female,1983-09-02,0794200749,victoria_casey@hotmail.com,Maryfurt,MI,83365,Medicare,2024-07-23
400,Sara Campbell,Female,1957-03-14,,saracampbell@outlook.com,Nicolemouth,SC,34758,Blue Cross,2023-02-27
401,Michelle Nelson,Female,2013-04-02,9502097002,michellenelsondds@gmail.com,Petersfort,WI,51984,Aetna,2025-02-11
402,Richard Banks,Male,1993-07-13,,richard.banks@hotmail.com,Sharonmouth,AL,29536,Self Pay,2023-01-22
403,Olivia Becker,Female,1980-10-03,4337504793,,East Traceyfurt,DE,36853,Medicare,2026-07-29
404,Christine Watson,Female,1987-09-26,7107044964,christinewatson@gmail.com,North Joshuafurt,NM,02971,Not Provided,2023-05-30
404,Kathleen Arnold,Female,1980-12-13,1249384308,kathleenarnold@gmail.com,Erinmouth,AL,56483,Medicaid,2026-05-20
405,Tommy Williams,Male,1990-11-22,1877580304,tommy_williams@hotmail.com,Patelmouth,AL,51862,Medicare,2025-08-15
406,Angela Armstrong,Female,1968-10-08,3325411076,angelaarmstrong@yahoo.com,New Lauramouth,MP,33322,Cigna,2024-02-25
407,Kara Benjamin,Female,2003-08-06,,kara_benjamin@gmail.com,South Lawrenceland,WY,17217,Blue Cross,2024-11-26
408,Robert Brown,Male,1984-05-07,8046619639,robert.brown@hotmail.com,South Patrickchester,FM,81793,Blue Cross,2026-06-30
409,Gerald Pace,Male,1979-06-05,9311091939,gerald.pace@gmail.com,Lake William,MN,55683,Aetna,2023-04-20
410,Marc Lopez,Male,1970-12-02,4968549822,marclopez@outlook.com,Parkermouth,ME,48844,Medicare,2025-02-04
411,Mary Thomas,Female,1966-12-21,6533315377,mary.thomas@outlook.com,Melissashire,MA,81254,Cigna,2026-02-01
412,Erin Garcia,Female,,3379337563,erin_garcia@outlook.com,Lopeztown,MN,01797,Medicare,2024-06-27
413,Alvin Wilson,Male,2012-03-11,5003342342,alvin_wilson@gmail.com,Melaniebury,ID,26189,Not Provided,2024-01-26
414,Sarah Lozano,Female,1956-08-18,,sarahlozano@gmail.com,Johnsland,DE,19432,Not Provided,2024-03-05
415,Bianca Lopez,Female,1974-12-25,,bianca_lopez@outlook.com,North Crystal,LA,17076,Cigna,2025-10-20
416,Tracy Blackwell,Female,1996-04-19,1286857872,,Jenniferhaven,VT,63847,UnitedHealth,2026-03-09
417,Kathleen Adams,Female,1950-02-10,3373634669,kathleen_adams@gmail.com,Port Neil,OK,11610,Aetna,2025-09-27
418,Bradley Wallace,Male,1979-02-01,7895677665,bradley.wallace@hotmail.com,Stewartfurt,AK,24037,Cigna,2023-05-21
419,Derek Jones,Male,1958-05-09,8143111508,derekjones@gmail.com,West James,MI,33272,Cigna,2025-12-12
420,Robyn Sutton,Female,1979-12-25,,robyn_sutton@outlook.com,Valdezberg,VI,52602,UnitedHealth,2025-07-26
421,Nathaniel Clark,Male,1940-02-07,,nathanielclark@gmail.com,Farrelltown,MN,18713,Medicaid,2023-09-06
422,Carl Harding,Male,1945-12-10,3666845909,carl.harding@gmail.com,East Ericmouth,OK,83055,Self Pay,
423,Thomas Berry,Male,1985-08-17,,thomas_berry@yahoo.com,East Damonside,HI,04703,Aetna,2024-08-25
424,Larry Johnson,Male,1962-07-13,,,West Michele,MT,51763,Medicaid,2023-07-30
425,Ashley Herrera,Female,1969-07-24,2346729949,ashley_herrera@gmail.com,New Jennifer,NH,36603,Medicare,2023-12-10
426,Wendy Griffin,Female,1953-12-04,5977790147,wendy_griffin@gmail.com,Isabellaport,MO,80851,Blue Cross,2025-03-08
427,Samuel Perry,Male,2000-09-09,6291603248,samuelperry@outlook.com,Elizabethland,VT,95729,Not Provided,2024-05-30
428,Claudia Snyder,Female,1967-10-01,,claudia_snyder@gmail.com,North Daniellemouth,MS,45544,Medicaid,2023-01-28
429,Scott Sanders,Male,1960-03-16,5777118372,scott.sanders@outlook.com,Hooverburgh,HI,02868,Aetna,2024-07-23
430,Cassandra Martinez,Female,2016-09-10,4275230837,cassandramartinez@yahoo.com,Port Cynthiahaven,SD,87341,Not Provided,2025-06-24
431,Stephanie Myers,Female,2005-07-06,,stephanie.myers@yahoo.com,Johnsontown,MA,25686,Aetna,2023-12-28
432,Amy Benjamin,Female,2021-10-15,6815583938,amy.benjamin@outlook.com,Mcmillanville,IA,28521,UnitedHealth,2023-02-10
433,Frank Smith,Male,1987-03-15,7314950136,frank_smith@gmail.com,Katrinafort,CT,93893,Medicare,2023-01-27
434,Wanda Jefferson,Female,1967-01-25,5625257150,wanda.jefferson@gmail.com,Reyesbury,NY,77501,UnitedHealth,2025-11-09
435,Laura Gonzalez,Female,1993-09-28,6519098624,lauragonzalez@gmail.com,West Rachelton,AL,92691,Aetna,2026-03-26
435,Adam Smith,Male,1950-09-25,3910257432,adamsmith@gmail.com,Harriston,IA,95568,UnitedHealth,2024-05-21
436,Tracy Stevenson,Male,1980-06-18,0864035533,tracy.stevenson@outlook.com,Lake Vanessabury,RI,50503,Not Provided,2025-04-22
437,Clifford Soto,Male,1948-10-03,,clifford_soto@gmail.com,South Jessicaport,GA,95092,Medicare,2024-08-13
438,Jeff Obrien,Male,2009-01-30,3471566277,jeff.obrien@yahoo.com,Wagnerchester,WI,20932,Aetna,2025-06-21
439,Ricky Smith,Male,2015-09-17,9828246747,ricky_smith@gmail.com,Nicholasfort,CA,44178,Aetna,2023-07-18
440,Julie Moore,Female,1982-10-12,5766656749,julie_moore@gmail.com,South Nicoleville,MO,74636,Medicare,2026-06-04
441,Pamela Krueger,Female,1974-06-28,,pamelakrueger@hotmail.com,Williamfort,SC,90742,Blue Cross,2025-11-20
442,Anthony Cruz,Male,1981-09-24,0502497243,anthony_cruz@gmail.com,North Darryl,CO,84963,Not Provided,2025-02-27
443,James Mccarthy,Male,,2644886946,jamesmccarthy@gmail.com,North Daisystad,GA,35762,Medicare,2024-05-13
444,Timothy Sanders,Male,1983-01-06,,timothysanders@gmail.com,Jacobberg,IL,64263,Medicaid,2024-04-03
445,Travis Hayes,Male,2007-09-15,2346791214,travis.hayes@hotmail.com,South Davidland,MA,04389,Cigna,2026-03-19
446,Karen Chambers,Female,1967-10-29,0901380698,karenchambers@yahoo.com,Sarahfort,WV,44676,Medicaid,2024-10-09
447,George Maldonado,Male,1973-12-06,6690551076,georgemaldonado@gmail.com,North Carolyn,ND,37131,Medicaid,2025-02-10
448,Paul Wright,Male,2000-04-26,,paul_wright@gmail.com,Rossland,MN,56588,Self Pay,2025-03-14
449,Teresa Alvarez,Female,1992-01-26,3289802714,teresa.alvarez@hotmail.com,Jacksonmouth,DE,63699,UnitedHealth,2023-12-02
450,Cynthia Lewis,Female,2003-03-15,,cynthialewis@yahoo.com,Davismouth,IA,75994,Aetna,2025-08-28
451,Kyle Schneider,Male,1982-11-26,3341411159,kyle_schneider@hotmail.com,Lake Sheri,OR,48701,Medicaid,2023-07-03
452,Emily James,Female,1961-10-02,,emilyjames@yahoo.com,North Randall,OH,60873,Medicaid,2024-01-06
453,Rose Phillips,Female,2000-10-23,,rosephillips@outlook.com,Welchborough,NY,38707,Aetna,2023-08-29
454,James Zavala,Male,1971-08-17,,jameszavala@hotmail.com,Gregorystad,WI,51797,Medicare,2023-01-01
455,Kelsey Campbell,Female,1991-09-11,2590472927,kelseycampbell@yahoo.com,Carterberg,IL,29092,Medicare,2023-10-02
456,Christina Curtis,Female,1997-03-23,,christina_curtis@outlook.com,Brittneyberg,SC,95207,Aetna,2026-07-13
457,Amanda Allen,Female,1983-11-01,6176475011,amanda_allen@outlook.com,North Tracyhaven,IN,03519,Medicaid,2025-04-13
458,Victoria Mendoza,Female,2002-02-22,7649215182,victoria.mendoza@gmail.com,Hesstown,MO,73384,Self Pay,2024-12-15
459,Rachel Moreno,Female,1992-10-06,,rachelmoreno@gmail.com,North Davidborough,SD,21631,Blue Cross,2023-09-16
460,Dawn Mullins,Female,2005-07-14,5826034084,dawn.mullins@outlook.com,Taylorfort,VT,41518,Medicaid,2024-04-13
461,Victoria Bell,Female,1942-01-30,0324329839,victoria.bell@gmail.com,Joshuachester,CA,72570,Self Pay,2025-11-07
462,Jane Mckee,Female,1980-12-05,,janemckee@gmail.com,Bryantview,UT,56251,Medicare,2026-05-28
463,Charles Harris,Male,1995-05-16,8926256609,charles.harris@hotmail.com,North Joseph,OH,14917,Blue Cross,2025-09-16
464,Jason Murphy,Male,1976-09-28,2340163611,jasonmurphy@outlook.com,New Jessica,ME,77679,Medicare,
465,Katherine Rice,Female,1983-12-08,,katherine_rice@yahoo.com,Andreaville,MH,06787,Aetna,2023-08-11
466,Travis Price,Male,1986-06-05,6792408222,,Bradleyview,AR,95583,Cigna,2025-09-08
467,Jacob Waters,Male,1969-01-16,,jacob_waters@yahoo.com,Richardmouth,PR,12315,UnitedHealth,2023-04-17
468,Angela Allen,Female,1965-10-19,1487068277,angelaallen@gmail.com,South Alexanderborough,PW,98269,Medicaid,2025-05-28
469,Jeffery Ferguson,Male,1992-05-09,0972832152,jeffery.ferguson@outlook.com,Stephaniechester,NY,50189,Not Provided,2024-03-30
470,Wayne Morgan,Male,1992-11-25,4744309634,wayne.morgan@hotmail.com,South Patriciafort,AR,47129,UnitedHealth,2025-08-24
471,Joe Evans,Male,1987-01-07,,,South David,NY,01406,Aetna,2026-04-21
472,Matthew Perez,Male,,,matthew.perez@gmail.com,Smithborough,DE,25347,Cigna,2023-06-03
473,Brandi Fisher,Female,2012-03-07,,brandifisher@gmail.com,Rachelburgh,TX,26583,Medicaid,2025-07-07
474,Tina Bird,Female,1954-07-20,,tina_bird@gmail.com,East Maurice,AL,90211,UnitedHealth,2023-12-05
475,Leroy Thomas,Male,1978-06-06,9975634108,leroythomas@outlook.com,Peterberg,NC,71383,Not Provided,2026-03-04
475,Meghan Peterson,Female,1948-11-10,,meghanpeterson@gmail.com,South Timothyport,NY,11329,Not Provided,2024-09-13
476,Danielle Hernandez,Female,1985-11-06,,danielle_hernandez@yahoo.com,East Juan,DE,35042,Blue Cross,
477,Danielle Hoover,Female,1969-09-30,3923126043,daniellehoovermd@hotmail.com,South Andres,IL,12420,Medicare,2024-06-08
478,James Warren,Male,1974-08-31,,james_warren@hotmail.com,Jenniferbury,MA,06734,UnitedHealth,2025-01-24
479,Aaron Guerrero,Male,1930-12-19,4916247554,aaron.guerrero@hotmail.com,North Elizabethside,WI,17580,Aetna,2025-05-23
480,Patrick Ward,Male,1958-11-26,9611291093,patrickward@gmail.com,Lake Sean,CT,10315,Aetna,2023-08-06
481,Malik Turner,Male,1984-05-04,0236848557,malik.turner@gmail.com,South Carloschester,NC,66544,Aetna,2023-07-30
482,Christopher Hill,Male,2001-08-11,,christopherhill@gmail.com,Hartfurt,MO,80090,Aetna,2026-06-14
483,Clinton Moore,Male,2014-07-17,7884434481,clintonmoore@gmail.com,East Brandon,IA,38753,Medicare,2024-06-27
484,Charles Stephenson,Male,1977-06-02,,charles.stephenson@gmail.com,Jenniferchester,MH,80649,Not Provided,2025-02-27
484,John Clark,Male,1986-04-25,0299228092,johnclark@gmail.com,East Jonathanburgh,ND,53644,Not Provided,2023-02-03
485,Victoria Garrett,Female,1996-12-09,,victoria_garrett@outlook.com,Port Scott,MD,35732,Medicaid,2026-04-04
486,Mark Garrison,Male,2009-08-15,6527172722,mark.garrison@gmail.com,New Tracy,WA,24147,Blue Cross,2023-10-23
487,Alisha Martin,Female,1994-04-11,,alishamartin@gmail.com,New Coryfurt,AK,14923,Aetna,2026-05-01
488,Phillip Newman,Male,2003-02-05,4290018513,phillip.newman@gmail.com,South Kathleen,MH,58739,Aetna,2024-08-10
489,Eric Mendoza,Male,,,eric_mendoza@gmail.com,North Rhonda,AK,30211,Not Provided,2024-07-10
490,Brittany Rios,Female,1964-06-17,,brittanyrios@gmail.com,Sandraland,MH,06182,Medicaid,2023-04-22
491,Christopher Moreno,Male,1982-03-31,,christophermoreno@gmail.com,Lake Ronald,TX,90568,Blue Cross,2024-05-07
492,Robert Bailey,Male,1951-11-09,,robert_bailey@outlook.com,West Sabrinastad,KS,93733,Not Provided,2024-11-09
493,Richard Hensley,Male,1979-12-03,,richard_hensley@yahoo.com,Wandaburgh,WY,50966,Not Provided,2023-10-16
494,Kathleen Olson,Female,1998-12-26,,kathleenolson@outlook.com,Guzmanmouth,FL,86216,Self Pay,2023-07-19
495,Janet Dunn,Female,1950-11-17,6196893135,janet_dunn@gmail.com,East Victoriatown,MS,73688,Not Provided,2025-06-24
496,Casey Rodriguez,Male,1970-11-01,7286333021,caseyrodriguez@gmail.com,South Jessica,VT,56168,UnitedHealth,2026-06-25
497,Michael Bates,Male,2001-08-18,0252131096,michael.bates@yahoo.com,Port Ian,WA,18865,Self Pay,2023-08-12
498,Melissa Evans,Female,1985-01-06,,melissa.evans@hotmail.com,Wallmouth,OK,93746,Aetna,2023-03-06
499,Thomas Shaw,Male,1999-02-08,,thomas_shaw@hotmail.com,Port Julie,OH,79810,Self Pay,2025-05-09
500,Robert Mcdonald,Male,2009-07-13,0563411159,robert_mcdonald@outlook.com,Anthonyport,HI,71485,Blue Cross,2025-03-07
501,Daniel Smith,Male,1963-07-13,,daniel.smith@outlook.com,Jacobborough,SD,04743,Medicaid,2025-07-11
502,Angela Hudson,Female,1942-10-03,0514054683,angela_hudson@yahoo.com,Karenstad,FL,92599,Medicare,2024-09-10
503,Gary Mosley,Male,2008-08-16,9679042271,gary_mosley@gmail.com,Lake Jesseborough,AS,89821,UnitedHealth,2025-02-20
504,Patricia Martin,Female,1969-08-25,4596063399,patricia_martin@gmail.com,East Ashleyfort,CT,02459,Medicare,2024-08-16
505,Seth Payne,Male,1994-12-24,,seth_payne@gmail.com,East Jennifermouth,KS,62532,Medicare,2024-07-02
506,Pamela Ramos,Female,,,pamelaramosdvm@gmail.com,New Tracystad,ME,53052,Medicaid,2024-01-30
507,Manuel Becker,Male,1992-10-22,5516874090,manuelbecker@yahoo.com,Lake Lori,AL,20759,UnitedHealth,2026-02-06
508,Earl Moore,Male,1999-06-26,7157787112,earl.moore@gmail.com,South Kaylaborough,MT,43587,Blue Cross,2024-08-31
509,Grace Munoz,Female,1981-04-05,7082723590,gracemunoz@gmail.com,Brownstad,NV,62551,Medicaid,2024-03-01
510,Daniel Johnson,Male,1998-01-13,1214614768,daniel_johnson@yahoo.com,Lake Patricia,ID,07545,Blue Cross,2024-12-03
511,Steven Peterson,Male,1976-05-28,6778265960,steven.peterson@yahoo.com,North Jennifer,OR,81308,Medicare,2024-07-02
512,Matthew Colon,Male,1983-02-19,2751648072,matthew_colon@yahoo.com,Fowlershire,CT,05283,Medicaid,2024-09-30
513,Veronica Fisher,Female,1986-01-06,5339055044,veronicafisher@hotmail.com,Lake Victormouth,MT,54291,UnitedHealth,2026-04-16
514,Samantha Simmons,Female,2000-01-21,6528928664,samantha_simmons@yahoo.com,Waltersville,CO,14107,Blue Cross,2026-03-08
515,Alan Randolph,Male,1993-01-28,1789046337,alanrandolph@gmail.com,Wilsonfort,DE,46456,Cigna,2024-02-08
516,Jennifer Hoover,Female,1966-07-28,8444463060,jennifer.hoover@hotmail.com,North Ericstad,ND,97657,Cigna,2025-04-04
517,George Haley,Male,1971-02-28,3960962626,george_haley@outlook.com,Zacharychester,IN,13552,Medicaid,2025-10-07
518,Beth Wilson,Female,2000-09-29,,beth.wilson@gmail.com,New Patrickberg,NH,83661,Blue Cross,2024-06-15
519,Hunter Allen,Male,1980-07-23,3640412091,hunterallen@outlook.com,South Saraville,CT,19091,Cigna,2026-07-28
520,Steven Davis,Male,1965-10-29,1706171366,stevendavis@gmail.com,Cynthiamouth,AS,21617,UnitedHealth,2023-06-03
521,Adam White,Male,2015-08-02,,adamwhite@gmail.com,New Andrewhaven,WV,20469,Medicaid,2023-08-05
522,Holly Roach,Female,1971-02-03,1244731584,hollyroach@hotmail.com,Mcgeefort,NE,67695,UnitedHealth,
523,Tammy Wright,Female,1995-05-10,9942376769,tammy.wright@yahoo.com,Lisaville,PA,50707,Cigna,2025-02-22
524,Keith Brooks,Male,1970-03-22,8496498560,keith.brooks@gmail.com,East Lisachester,WY,24869,Aetna,2023-05-15
525,Benjamin Sandoval,Male,1996-09-29,,benjamin.sandoval@yahoo.com,South Justinborough,NC,29004,Medicaid,2024-01-15
526,Diana Franklin,Female,2018-03-04,5533077046,diana.franklin@gmail.com,North Shawnmouth,OR,50682,Not Provided,2023-01-20
527,Alex Smith,Male,,,alex_smith@yahoo.com,South Justinfurt,AZ,70423,Not Provided,2025-07-15
528,Amanda Newman,Female,,,amandanewman@gmail.com,South Kennethmouth,NY,84530,UnitedHealth,2023-10-30
529,Mr. James Williamson,Male,1976-02-17,2156321358,james_williamson@gmail.com,Lake Mirandaview,FM,06147,UnitedHealth,2024-12-15
530,Theresa Jones,Female,2000-03-23,2297125296,theresa_jones@gmail.com,Barnetthaven,NC,32026,Cigna,2025-08-13
531,Mary Bray,Female,1968-10-04,4415833117,mary.bray@hotmail.com,East Alexanderborough,NH,50971,Medicare,2023-04-13
532,Ashley Clark,Female,2014-11-24,8123567983,ashley.clark@outlook.com,Lopezview,NE,22022,Medicaid,2026-07-28
533,Trevor Ray,Male,1983-04-05,1307240787,trevor.ray@hotmail.com,Josephside,CO,46956,Cigna,2026-01-22
534,Chris Shaw,Male,2006-06-01,5106634362,chris_shaw@outlook.com,Alyssafort,ND,57329,Medicare,2024-05-11
535,Anthony Wright,Male,1994-09-30,,,Myersville,IA,96697,Medicare,2024-07-07
536,Melissa Simpson,Female,1980-10-16,9401289743,melissasimpson@gmail.com,West Erin,HI,25056,Blue Cross,2024-04-02
537,Jordan Rivers,Female,1998-09-25,2412095790,jordan.rivers@gmail.com,Marksfort,DE,06422,Cigna,2025-03-11
538,Latoya Mooney,Female,1989-01-19,2114577584,latoyamooney@gmail.com,Kingmouth,AL,46720,UnitedHealth,2023-12-16
539,Gene Holmes,Male,1960-12-21,0263257039,geneholmes@gmail.com,Howardland,ID,50017,UnitedHealth,2023-01-23
540,Tracie Wiley,Female,1993-07-23,5569644309,traciewiley@yahoo.com,Maryville,NE,60142,Cigna,2026-02-27
541,Rebecca Reed,Female,1964-09-17,7284982474,rebecca.reed@gmail.com,Port Kennethmouth,AZ,28986,Cigna,2026-04-12
542,Kevin Brown,Male,2004-07-18,,kevin.brown@gmail.com,Douglasborough,NV,77207,Blue Cross,2023-05-12
543,Earl Johnson,Male,1971-07-31,6144942965,earl_johnson@gmail.com,Lake Katrina,KY,18286,Not Provided,2025-10-02
544,Curtis Torres,Male,1953-05-12,2661287585,curtistorres@gmail.com,Gomezmouth,NE,54274,Medicaid,2023-05-28
545,Susan Johnson,Female,,4398529894,susan.johnson@outlook.com,Port Meganberg,MO,88329,Not Provided,2023-07-26
546,Robert Golden,Male,1996-10-09,4159149750,robert_golden@gmail.com,Lake Brendahaven,WA,94473,Medicare,2025-03-28
547,Daniel Thomas,Male,1969-10-25,4407931102,daniel.thomas@yahoo.com,New Collinborough,CT,62595,UnitedHealth,2024-04-27
548,Jonathan Myers,Male,1986-02-19,2384979162,jonathan_myers@gmail.com,East Donaldbury,GA,67546,Blue Cross,2023-02-13
549,Joshua Alvarez,Male,1973-11-18,7546617662,joshua_alvarez@gmail.com,West Stephenshire,MS,01945,Medicare,2024-12-21
550,Andrew Santos,Male,1994-04-14,,,Palmerburgh,TN,20345,Aetna,2024-08-01
551,Nathan Morgan,Male,1980-03-20,1767929884,nathanmorgan@gmail.com,Lake Mario,PA,46126,Aetna,2026-02-03
552,Sandra Jones,Female,1985-03-05,1775331266,sandra.jones@yahoo.com,North Cherylville,AZ,98796,Medicaid,2025-02-01
553,Phillip Obrien,Male,1958-04-24,7629833477,phillipobrien@outlook.com,Jeremiahburgh,NE,69776,Medicaid,2025-02-22
554,Corey Perkins,Male,1976-05-04,,corey.perkins@gmail.com,East Arthurberg,AL,47629,UnitedHealth,2023-02-26
555,Laura Lin,Female,1975-01-12,,laura_lin@gmail.com,South Ronaldfurt,CA,75100,Self Pay,2025-08-15
556,Richard Evans,Male,1990-08-07,9850344651,richard_evans@gmail.com,West Charles,OR,32141,Cigna,2023-09-12
557,Tara Porter,Female,,,taraporter@gmail.com,Montgomeryside,UT,15033,UnitedHealth,2025-06-21
558,Taylor Mercer,Female,1989-12-04,4350238503,taylor.mercer@yahoo.com,Jonesshire,SC,92656,Aetna,2024-06-14
559,Rhonda Reed,Female,1973-11-15,1872401078,rhonda.reed@hotmail.com,Lake Michael,NM,40270,Medicaid,2023-10-21
560,Sherri Perez,Female,1990-02-24,9608706626,sherri_perez@yahoo.com,Dunnville,NV,15966,UnitedHealth,2024-03-16
561,William Richardson,Male,1975-09-16,3319036890,williamrichardson@outlook.com,Port Jenniferton,CA,07926,Medicaid,2025-12-10
562,Catherine Williams,Female,1940-05-19,2967111483,catherine.williams@gmail.com,Thorntonstad,IA,58636,Self Pay,2023-06-06
563,Todd Deleon,Male,1964-01-04,5881056974,todd_deleon@gmail.com,East Rhondahaven,IN,40469,Not Provided,2025-04-16
564,Christine Watson,Female,1987-09-26,7107044964,christinewatson@gmail.com,North Joshuafurt,NM,02971,Not Provided,2023-05-30
565,Janice Williams,Female,1957-01-18,,janicewilliams@gmail.com,Port Anthony,VA,81966,Cigna,2025-04-17
566,Jessica Daniel,Female,1989-12-13,4876998426,jessica_daniel@gmail.com,Reesebury,DC,02491,Medicaid,2024-04-20
567,Michael Hill,Male,2021-10-22,9609454490,michael.hill@yahoo.com,West Ashleymouth,KY,23934,Medicare,2026-03-23
568,Alan Smith,Male,2002-02-15,3609149851,alan_smith@gmail.com,Whiteview,KY,65372,Cigna,2023-02-26
569,Mark Thomas,Male,2019-08-04,2879508304,mark_thomas@gmail.com,Allenstad,OH,94652,UnitedHealth,2025-06-29
570,Cynthia Rodriguez,Female,1989-07-01,3359561642,cynthia_rodriguez@yahoo.com,West Catherinestad,MI,53996,Not Provided,2023-03-20
571,Jade Dunlap,Female,1981-05-11,5042901935,jade.dunlap@gmail.com,Shelbyfurt,MP,76874,Not Provided,2024-02-11
572,Nicholas James,Male,1948-08-23,,nicholasjames@outlook.com,North Susanbury,OK,66495,UnitedHealth,2024-04-19
573,Miss Morgan Ryan,Female,1974-09-30,,miss_morgan_ryan_md@outlook.com,Jerrymouth,WA,15628,UnitedHealth,2024-12-12
574,Jill Rosario,Female,,8815793763,jill_rosario@gmail.com,New John,NE,88857,Medicare,2025-03-27
575,Brenda Green,Female,1964-12-15,1668297327,brendagreen@gmail.com,East Davidview,WV,73190,Medicaid,2023-07-04
576,Julie Garcia,Female,,1288665268,julie_garcia@gmail.com,Lake Kelly,MI,44625,Blue Cross,2023-01-28
577,Luis Mcknight,Male,1976-12-04,,luismcknight@yahoo.com,North Joannestad,NH,54093,UnitedHealth,2023-06-23
578,Natalie Graham,Female,1966-08-10,8120995765,natalie.graham@gmail.com,Thompsonshire,KY,13201,Blue Cross,2024-02-20
579,Katherine Williams,Female,2011-01-29,5220368499,katherinewilliams@gmail.com,Coryport,HI,16039,Cigna,2025-07-15
580,Katelyn Walker,Female,1959-04-26,,katelyn.walker@gmail.com,New Amandaborough,AL,64512,UnitedHealth,2026-06-16
581,Alexander Harris,Male,1975-07-19,7411767412,alexanderharris@gmail.com,Jessicaville,MN,10864,Not Provided,2024-04-27
582,Daniel Jones,Male,1990-06-22,,daniel.jones@outlook.com,Lake Courtneybury,FL,77354,UnitedHealth,2023-10-14
583,Terri Nunez,Female,1969-01-27,2742318306,terrinunez@gmail.com,South Angelaborough,VA,23846,Blue Cross,2025-11-29
584,Melissa Austin,Female,1936-05-12,,melissa.austin@outlook.com,Lake Michael,NC,86607,Cigna,2024-11-08
585,Sherry Pittman,Female,1977-10-17,9587413146,sherry_pittman@gmail.com,Nguyenchester,DE,23595,Aetna,2023-06-08
586,Francis Wilson,Male,1977-03-27,,franciswilson@gmail.com,Josemouth,NE,51799,Aetna,
587,Jeffery Green,Male,1991-04-26,5047639283,jeffery.green@yahoo.com,New Cherylberg,RI,71249,Blue Cross,2024-05-08
588,Miranda Lang,Female,1997-08-16,,miranda.lang@gmail.com,West Laurie,MS,43951,UnitedHealth,2023-09-04
589,Kristen Wright,Female,1965-05-21,1867024403,kristen.wright@outlook.com,North Joseph,DE,50027,Blue Cross,2023-01-12
590,Carlos Yang,Male,1999-02-05,,carlos.yang@gmail.com,Port Catherine,ME,42932,Cigna,2025-10-01
591,Patrick Turner,Male,1980-07-28,,patrick.turner@outlook.com,Mitchellside,NC,32563,Cigna,2024-11-12
592,Willie Luna,Male,,3906375791,willieluna@gmail.com,Martinland,CT,74017,Medicaid,2023-04-02
593,Sharon Burns,Female,1972-05-22,9789307464,sharonburns@gmail.com,Maryton,MD,90809,Medicaid,2024-10-12
594,Jason Smith,Male,1975-08-13,,jason.smith@gmail.com,Lyonsfurt,DC,99707,Aetna,2026-03-03
595,Joseph Martinez,Male,1961-04-04,6728728660,joseph_martinez@hotmail.com,Davidport,WA,89195,Aetna,2025-02-28
596,Frank Preston,Male,1991-08-20,,frank.preston@gmail.com,East Alice,MP,62612,UnitedHealth,2025-08-31
597,Jennifer Hernandez,Female,1987-02-06,,jennifer.hernandez@yahoo.com,North Michael,OK,30127,Medicare,2023-11-30
598,Adrian Lee,Male,2000-12-30,5964883192,adrian_lee@gmail.com,Lake Javierburgh,KY,74381,Not Provided,2025-11-04
599,Rebecca Matthews,Female,1989-10-23,,rebecca.matthews@gmail.com,East Fred,VI,00533,UnitedHealth,2023-10-17
600,Stephanie Williams,Female,1974-05-26,4813866675,stephanie.williams@outlook.com,Marymouth,ND,10750,UnitedHealth,2023-11-23
